http://48k.ca/zmac.html	200
http://beadslang.org/	ERR:URLError
http://benhaller.com/slim/Eidos_Manual.pdf	200
http://blockdiag.com/en/nwdiag/index.html	200
http://bossa.inria.fr/	200
http://c2lang.org/	200
http://daovm.net/	200
http://kanren.sourceforge.net/	403
http://kronoslang.org/	ERR:URLError
http://livescript.net/	200
http://manticore.cs.uchicago.edu/	200
http://music.dsi.unifi.it/klaim/	ERR:URLError
http://pikt.org/	ERR:URLError
http://rml.lri.fr/	200
http://slim-lang.com/	200
http://slope.colorfield.space/	200
http://sun.hasenbraten.de/vasm/	200
http://tau-prolog.org/	200
http://tbasic.org	200
http://toka.sourceforge.net/	403
http://urlan.sourceforge.net/boron/	403
http://waxeye.org/	ERR:URLError
http://www-spi.lip6.fr/~queinnec/Meroon/	ERR:URLError
http://www.alorelang.org/	ERR:URLError
http://www.basic-converter.org/	200
http://www.cs.columbia.edu/~sedwards/classes/2011/w4115-fall/reports/MR.pdf	200
http://www.dalnefre.com/wp/humus/	200
http://www.eligis.com/	522
http://www.lispme.de/lispme/	200
http://www.ocamlduce.org/	ERR:URLError
http://www.paulgraham.com/bel.html	200
http://www.pawfal.org/fluxus/	500
http://www.picat-lang.org/bprolog/	200
http://www.rpl2.net/	200
http://www.t3x.org/mlite/index.html	200
http://www.t3x.org/s9fes/	200
http://www.ulisp.com/	200
http://www.vintage-basic.net/	200
http://www.whizbase.com/	200
https://11l-lang.org/	200
https://4js.com/products/genero/	200
https://8th-dev.com/	200
https://aardappel.github.io/lobster/	404
https://abella-prover.org/	200
https://acumen-language.org/	ERR:URLError
https://adventuron.io/	200
https://aiken-lang.org/	200
https://aikido.sourceforge.net/	403
https://aime-lang.org/	ERR:URLError
https://amaranth-lang.org/	200
https://amber-lang.com/	200
https://antelang.org/	200
https://archetype-lang.org/	200
https://arkscript-lang.dev/	200
https://arkscript.org/	ERR:URLError
https://arturo-lang.io/	200
https://arxiv.org/abs/1404.0099	200
https://arxiv.org/abs/cs/0202001	200
https://asterixdb.apache.org/docs/0.9.9/sqlpp/manual.html	200
https://asteroid-lang.readthedocs.io/en/latest/	200
https://austral-lang.org/	200
https://avro.apache.org/docs/current/idl-language.html	404
https://ballerina.io/	200
https://basic256.org/	200
https://bayesianlogic.github.io/	200
https://bblanche.gitlabpages.inria.fr/proverif/	200
https://bigzaphod.github.io/Taxi/	200
https://bionetgen.org/	200
https://birch.sh/	ERR:URLError
https://bistro.sourceforge.net/	403
https://bitbucket.org/aseemr/wysteria/wiki/Home	404
https://bladelang.com	200
https://blockchain.unica.it/balzac/docs/	404
https://boxlang.io	200
https://breuleux.github.io/earl-grey/	200
https://bricklayer.org	200
https://bruijn.marvinborner.de/	200
https://c3-lang.org/	200
https://calerga.com/products/Sysquake/	200
https://calyxir.org/	200
https://capra.cs.cornell.edu/bril/	200
https://capra.cs.cornell.edu/dahlia/	200
https://caramel.run/	200
https://cassandra.apache.org/doc/latest/cql/	404
https://catseye.tc/article/Languages.md#wierd	200
https://catseye.tc/node/Tamsin	200
https://ccrma.stanford.edu/software/snd/snd/s7.html	200
https://cell-lang.net/	200
https://chaiscript.com/	200
https://chapel-lang.org/	200
https://cheddar.vihan.org/	200
https://chip-8.github.io/extensions/	200
https://chrisseaton.com/katahdin/	200
https://civet.dev/	200
https://cleo.li/	200
https://clio-lang.org/	200
https://clojure.org/	200
https://clojurescript.org/	200
https://cmajor.dev/	200
https://cobra-language.com/	ERR:URLError
https://codeberg.org/ngn/k	200
https://compcert.org/	200
https://concatenative.net/wiki/view/Enchilada	ERR:URLError
https://concatenative.org/wiki/view/Mirth	200
https://concatenative.org/wiki/view/Oblig	200
https://concatenative.org/wiki/view/Popr	200
https://concurnas.com/	200
https://cone.codeberg.page/	404
https://cons.io/	200
https://conservatory.scheme.org/kali/	200
https://constraintmodelling.org/wiki/Essence_prime	526
https://coq.inria.fr/doc/V8.18.0/refman/proof-engine/ssreflect-proof-language.html	200
https://coq.inria.fr/doc/v8.18/refman/proof-engine/ltac.html	200
https://corallanguage.org/	200
https://core.telegram.org/mtproto/TL	200
https://cr.yp.to/qhasm.html	200
https://craftinginterpreters.com/the-lox-language.html	200
https://crochet.qteati.me/	ERR:URLError
https://crystal-lang.org/	200
https://cs.brown.edu/~sk/Publications/Books/ProgLangs/	200
https://ctan.org/pkg/fweb	200
https://cuelang.org/	200
https://cyberscript.dev/	200
https://dafny.org/	200
https://dart.dev/	200
https://dascript.org/	200
https://datatracker.ietf.org/doc/html/rfc4012	200
https://db.apache.org/jdo/jdoql.html	200
https://db.cs.berkeley.edu/papers/cidr03-fjord.pdf	404
https://developer.huawei.com/consumer/en/doc/harmonyos-guides-V5/arkts-get-started-V5	200
https://developer.salesforce.com/docs/atlas.en-us.soql_sosl.meta/soql_sosl/	403
https://developers.urbit.org/reference/hoon/overview	200
https://dezyne.org/	200
https://dhall-lang.org/	200
https://dink.fandom.com/wiki/DinkC	403
https://dino-lang.github.io/	200
https://dl.acm.org/doi/10.1145/233561.233565	403
https://dl.acm.org/doi/10.1145/3062341.3062363	403
https://dl.acm.org/doi/10.1145/325165.325241	403
https://dl.acm.org/doi/proceedings/10.1145/73560	403
https://dlang.org/	200
https://dmg.org/pmml/v4-4-1/GeneralStructure.html	200
https://doc.openresty.com/en/xray/ylang/	200
https://doc.qt.io/archives/qt-4.8/qtscript.html	404
https://docs.accordproject.org/docs/ergo.html	404
https://docs.alumina-lang.net/	200
https://docs.blamejared.com/1.12/en/	200
https://docs.certora.com/en/latest/docs/cvl/overview.html	200
https://docs.chromia.com/rell	404
https://docs.circom.io/	ERR:URLError
https://docs.cloud.google.com/looker/docs/what-is-lookml	200
https://docs.ergoplatform.com/dev/scs/ergoscript/	200
https://docs.fuel.network/docs/sway/	200
https://docs.halon.io/hsl/about.html	200
https://docs.huff.sh	200
https://docs.hylang.org/en/stable/	200
https://docs.influxdata.com/flux/	200
https://docs.influxdata.com/influxdb/v1/query_language/	200
https://docs.microsoft.com/en-us/powershell/scripting/overview	200
https://docs.osohq.com/learn/polar-foundations.html	404
https://docs.racket-lang.org/hackett/	403
https://docs.racket-lang.org/honu/index.html	200
https://docs.racket-lang.org/scribble/	200
https://docs.snowflake.com/en/developer-guide/snowflake-scripting/index	200
https://docs.soliditylang.org/en/latest/yul.html	200
https://docs.tigergraph.com/gsql-ref/current/intro/intro	200
https://docs.ton.org/develop/func/overview	200
https://docs.ton.org/v3/documentation/smart-contracts/tolk/overview	200
https://docs.unity3d.com/560/Documentation/Manual/CreatingAndUsingScripts.html	200
https://docs.vapor.codes/leaf/getting-started/	200
https://docs.velociraptor.app/vql_reference/	200
https://docs.victoriametrics.com/metricsql/	200
https://docs.waves.tech/en/ride/	200
https://docs.yarnspinner.dev/	200
https://docs.yugabyte.com/stable/api/ycql/	200
https://documentation.xojo.com/api/language/xojoscript.html	200
https://doi.org/10.1145/99935.99936	404
https://ds26gte.github.io/schelog/index.html	200
https://dusa.rocks/docs/	200
https://easylang.dev	200
https://eclipse.dev/epsilon/	200
https://eclipse.dev/epsilon/doc/eol/	200
https://effekt-lang.org/	200
https://egel-lang.github.io/	200
https://ejs.co/	200
https://elixir-lang.org/	200
https://elm-lang.org/	200
https://elv.sh/	200
https://emina.github.io/rosette/	200
https://en-academic.com/dic.nsf/enwiki/1746203	200
https://en-academic.com/dic.nsf/enwiki/459469	200
https://enso.org/	200
https://esolangs.org/wiki///	404
https://esolangs.org/wiki/Aceto	200
https://esolangs.org/wiki/Addleq	200
https://esolangs.org/wiki/Ajsone	200
https://esolangs.org/wiki/AsciiDots	200
https://esolangs.org/wiki/BF_Joust	200
https://esolangs.org/wiki/Beatnik	200
https://esolangs.org/wiki/Beeswax	200
https://esolangs.org/wiki/Befunge	200
https://esolangs.org/wiki/BitBitJump	200
https://esolangs.org/wiki/Boolfuck	200
https://esolangs.org/wiki/Brain	200
https://esolangs.org/wiki/Brain-Flak	200
https://esolangs.org/wiki/Brainfork	200
https://esolangs.org/wiki/Burro	200
https://esolangs.org/wiki/Czure	200
https://esolangs.org/wiki/Deadfish	200
https://esolangs.org/wiki/EBF	404
https://esolangs.org/wiki/Emmental	200
https://esolangs.org/wiki/Eodermdrome	200
https://esolangs.org/wiki/Fission	200
https://esolangs.org/wiki/Fn	200
https://esolangs.org/wiki/Folders	200
https://esolangs.org/wiki/Funge-98	200
https://esolangs.org/wiki/HQ9%2B	200
https://esolangs.org/wiki/HQ9%2B%2B	200
https://esolangs.org/wiki/HQ9%2BB	200
https://esolangs.org/wiki/Headache_(brainfuck_derivative)	200
https://esolangs.org/wiki/Hexagony	200
https://esolangs.org/wiki/Homespring	200
https://esolangs.org/wiki/JLOS	200
https://esolangs.org/wiki/Keg	200
https://esolangs.org/wiki/Kipple	200
https://esolangs.org/wiki/LOLCODE	200
https://esolangs.org/wiki/LRONETWO	200
https://esolangs.org/wiki/Labyrinth	200
https://esolangs.org/wiki/Lenguage	200
https://esolangs.org/wiki/Ly	200
https://esolangs.org/wiki/Malbolge_Unshackled	200
https://esolangs.org/wiki/Mascarpone	200
https://esolangs.org/wiki/Muriel	200
https://esolangs.org/wiki/Og%C3%BA	200
https://esolangs.org/wiki/Omgrofl	200
https://esolangs.org/wiki/Orca	200
https://esolangs.org/wiki/Ouroboros	200
https://esolangs.org/wiki/Oxymoron	404
https://esolangs.org/wiki/Oya	200
https://esolangs.org/wiki/PZAB	200
https://esolangs.org/wiki/Paintfuck	200
https://esolangs.org/wiki/Prelude	200
https://esolangs.org/wiki/QFTASM	200
https://esolangs.org/wiki/QO	200
https://esolangs.org/wiki/Quipu	200
https://esolangs.org/wiki/Rrr	200
https://esolangs.org/wiki/Rvtl	200
https://esolangs.org/wiki/SMETANA	200
https://esolangs.org/wiki/Spoon	200
https://esolangs.org/wiki/Starry	200
https://esolangs.org/wiki/Subneg	404
https://esolangs.org/wiki/Trefunge	404
https://esolangs.org/wiki/Unary	200
https://esolangs.org/wiki/Underload	200
https://esolangs.org/wiki/UwU	200
https://esolangs.org/wiki/Var'aq	200
https://esolangs.org/wiki/Velato	200
https://esolangs.org/wiki/WTFCode	200
https://esolangs.org/wiki/Wanda	404
https://esolangs.org/wiki/XVector	200
https://esolangs.org/wiki/Xn--m6e	200
https://esolangs.org/wiki/ZiziQue	200
https://esolangs.org/wiki/Zombie	200
https://esolangs.org/wiki/Zot	200
https://eta-lang.org/	200
https://exo-lang.dev/	200
https://fable.io/	200
https://falconpl.org/	ERR:URLError
https://fennel-lang.org/	200
https://filamenthdl.com/	200
https://finch.stuffwithstuff.com/	200
https://firefox-source-docs.mozilla.org/ipc/ipdl.html	200
https://flatassembler.net/	200
https://flix.dev/	200
https://foldoc.org/Guarded+Horn+Clauses	200
https://forth-standard.org/	200
https://frinklang.org/	200
https://fsharp.org/	200
https://futhark-lang.org/	200
https://fuzion-lang.dev/	200
https://fypp.readthedocs.io/en/master/	404
https://gamelisp.rs/	200
https://gate.ac.uk/sale/tao/splitch8.html	200
https://gcc.gnu.org/wiki/MELT	200
https://geant4-userdoc.web.cern.ch/UsersGuides/ForApplicationDeveloper/html/Detector/Geometry/geomXML.html	200
https://gibber.cc/	200
https://gitlab.com/camelot/kickc	200
https://gitlab.com/owl-lisp/owl	200
https://gitlab.com/weinholt/loko	200
https://gitlab.inria.fr/synchrone/heptagon	200
https://gjs.guide/	200
https://glow-lang.org/	200
https://gn.googlesource.com/gn/	200
https://gnome.pages.gitlab.gnome.org/blueprint-compiler/	200
https://gosu-lang.github.io/	200
https://grafana.com/docs/loki/latest/query/	200
https://grafana.com/docs/tempo/latest/traceql/	200
https://grain-lang.org/	200
https://graphviz.org/pdf/lefty.1.pdf	200
https://gren-lang.org/	200
https://groovy-lang.org/	200
https://hackage.haskell.org/package/HHDL	200
https://hackage.haskell.org/package/Yampa	200
https://hackage.haskell.org/package/atom	200
https://hackage.haskell.org/package/ewe	200
https://hacklang.org/	200
https://hakaru-dev.github.io/	200
https://handlebarsjs.com/	200
https://harelang.org/	200
https://harmony.cs.cornell.edu/	200
https://hashlink.haxe.org/	200
https://haxe.org/	200
https://heaps.io/documentation/shaders.html	200
https://help.hcltechsw.com/voltscript/early-access/index.html	200
https://help.sap.com/doc/abapdocu_latest_index_htm/latest/en-US/index.htm	200
https://hetalang.github.io/	200
https://hex-rays.com/products/ida/support/idadoc/162.shtml	200
https://hjson.github.io	200
https://hledger.org	200
https://homepages.inf.ed.ac.uk/bundy/	200
https://homes.cs.aau.dk/~normark/laml/	200
https://hopl.info/showlanguage.prx?exp=534	200
https://horse64.org	200
https://huginn.org/	ERR:URLError
https://icnc.github.io/	200
https://idris2.readthedocs.io/en/latest/	200
https://idyll-lang.org/	200
https://ifritjp.github.io/documents/en/lunescript/	200
https://imba.io/	200
https://inform-fiction.org/source/tm/TechMan.txt	200
https://internetcomputer.org/docs/current/developer-docs/backend/candid/	200
https://invisible-island.net/mawk/	200
https://invisiblexml.org/	200
https://iolanguage.org/	200
https://itssamuelrowe.github.io/zen-website/	200
https://ivorylang.org/	ERR:URLError
https://janet-lang.org/	200
https://jflex.de/	200
https://jim.tcl.tk/	ERR:URLError
https://jklunder.home.xs4all.nl/elisa/	200
https://johnearnest.github.io/Octo/	200
https://jscheme.sourceforge.net/jscheme/main.html	403
https://jsish.org/	200
https://jsonnet.org/	200
https://jule.dev	200
https://julialang.org/	200
https://justine.lol/sectorlisp/	ERR:URLError
https://juvix.org	200
https://kapdemo.dhsdevelopments.com/	200
https://kcl-lang.io	200
https://kdl.dev/	200
https://kipper-lang.org/	200
https://kittenlang.org/	200
https://kivy.org/doc/stable/guide/lang.html	200
https://koka-lang.github.io/koka/doc/index.html	200
https://kotlinlang.org/docs/kotlin-scripting-overview.html	404
https://kotlinlang.org/docs/native-overview.html	200
https://kotlinlang.org/docs/reference/stdlib.html	404
https://koto.dev	200
https://kuina.ch/en/	200
https://kuroko-lang.github.io/	200
https://kwil.com	200
https://lamport.azurewebsites.net/tla/pluscal.html	200
https://lampwww.epfl.ch/funnel/	200
https://lbstanza.org/	200
https://leanprover.github.io/	200
https://learn.microsoft.com/en-us/cpp/cppcx/visual-c-language-reference-c-cx	200
https://learn.microsoft.com/en-us/dynamics365/business-central/dev-itpro/developer/devenv-al-overview	404
https://learn.microsoft.com/en-us/powerquery-m/m-spec-introduction	200
https://learn.microsoft.com/en-us/sql/ssms/scripting/edit-sqlcmd-scripts-with-query-editor	200
https://ligolang.org/	200
https://ligolang.org/docs/intro/introduction	200
https://link.springer.com/chapter/10.1007/978-1-4612-3758-8_12	404
https://linusakesson.net/dialog/	200
https://lll-docs.readthedocs.io/en/latest/lll_introduction.html	200
https://llvm.org/docs/TableGen/	200
https://llvm.org/docs/tutorial/MyFirstLanguageFrontend/index.html	200
https://lsharp.sourceforge.net/	403
https://luan.ws/	ERR:URLError
https://lys-lang.dev/	200
https://magpie-lang.org/	200
https://manool.org/	200
https://manpages.debian.org/unstable/yforth/yforth.1	200
https://materialx.org/	200
https://maxtaco.github.io/coffee-script/	200
https://mech-lang.org	200
https://mecrisp.sourceforge.net/	403
https://mercurylang.org/	200
https://mesa3d.org/tgsi.html	404
https://metaprgmr.github.io/Judoscript/website/judoscript.com-v2/	200
https://micans.org/zoem/	200
https://microservice-api-patterns.github.io/MDSL-Specification/	200
https://microstudio.dev/documentation/microscript/	200
https://min-lang.org/	200
https://mindustrygame.github.io/wiki/logic/0-introduction/	200
https://minid.sourceforge.net/	403
https://miniscript.org/	200
https://mint-lang.com	200
https://mitpress.mit.edu/9780262201759/design-concepts-in-programming-languages/	403
https://mitpress.mit.edu/9780262220576/	403
https://mjml.io	200
https://mlir.llvm.org/	200
https://mlochbaum.github.io/BQN/	200
https://moonscript.org/	200
https://morfa.org/	ERR:URLError
https://morpho-lang.org	ERR:URLError
https://mosml.org/	200
https://mozilla.github.io/nunjucks/	200
https://myrlang.org/	200
https://nco.sourceforge.net/nco.html#ncap2	403
https://nearley.js.org/	200
https://neat-lang.github.io/	200
https://nekovm.org/	200
https://nelua.io/	200
https://neon-lang.dev	200
https://nevalang.org/	200
https://ngs-lang.org/	200
https://nickel-lang.org/	200
https://nim-lang.org/	200
https://nim-lang.org/docs/nims.html	200
https://nitlanguage.org/	200
https://nixos.org/manual/nix/stable/language/	200
https://noir-lang.org/	200
https://nrn.readthedocs.io/en/latest/hoc/modelspec/programmatic/mechanisms/nmodl2.html	404
https://numbat.dev/	200
https://oaklang.org/	200
https://objecticon.org/	ERR:URLError
https://observablehq.com/@observablehq/observable-javascript	429
https://obsidian-lang.com/	200
https://ocaml.org/	200
https://odin-lang.org/	200
https://okmij.org/ftp/ML/MetaOCaml.html	200
https://onilabs.com/stratifiedjs	404
https://opalang.org/	ERR:URLError
https://opencilk.org/	200
https://opencypher.org/	200
https://openeuphoria.org/	200
https://openscad.org/	200
https://osmosianplainenglishprogramming.blog/	200
https://overtone.github.io/	200
https://packages.debian.org/sid/tpp	200
https://pdml-lang.dev/	200
https://pdos.csail.mit.edu/xoc/	200
https://pebbletemplates.io/	200
https://pen-lang.org/	200
https://penrose.ink/	200
https://people.cispa.io/cas.cremers/scyther/	200
https://people.eecs.berkeley.edu/~bh/logo.html	200
https://perldoc.perl.org/perlxs	200
https://pgql-lang.org/	200
https://pharo.org/	200
https://phel-lang.org/	200
https://phix.x10.mx/	200
https://picolisp.com/	200
https://picolisp.com/wiki/?pilog	404
https://pikchr.org/	200
https://piumarta.com/software/maru/	ERR:URLError
https://pkl-lang.org/	200
https://plantuml.com/	200
https://plasmalang.org/	200
https://pll.cpsc.ucalgary.ca/charity1/www/home.html	403
https://pointless.dev/	200
https://potassco.org/clingo/	200
https://potassco.org/gringo/	404
https://potigol.github.io	200
https://probprog.github.io/anglican/	200
https://processing.org/	200
https://programming-nu.github.io/	200
https://project-haystack.org/doc/docHaystack/Axon	404
https://projects.laas.fr/fiacre/	200
https://prova.ws	ERR:URLError
https://pshdl.org/	200
https://pyret.org/	200
https://qscout.sandia.gov/jaqal/	ERR:URLError
https://racket-lang.org/	200
https://radon-project.github.io/	200
https://raku.org/	200
https://randoom.org/Software/SetlX/	200
https://raptor.martincarlisle.com/	200
https://reactiveml.github.io/	200
https://reasonml.github.io/	200
https://reflex-frp.org/	200
https://reldb.org/	200
https://rescript-lang.org/	200
https://research.google/pubs/pub36632/	200
https://rgbds.gbdev.io/	200
https://rhai.rs/	200
https://rholang.github.io/	200
https://rhombus-lang.org/	200
https://rhovas.dev/	200
https://riff.cx	200
https://risor.io/	200
https://roblab.org/parallaxis/	200
https://rocq-prover.org/doc/master/refman/proof-engine/ltac2.html	200
https://root.cern/cint/	404
https://rosettacode.org/wiki/Category:4tH	404
https://rosettacode.org/wiki/Category:Amazing_Hopper	200
https://rosettacode.org/wiki/Category:Aquarius_BASIC	200
https://rosettacode.org/wiki/Category:Arbre	200
https://rosettacode.org/wiki/Category:Brat	200
https://rosettacode.org/wiki/Category:Comefrom0x10	200
https://rosettacode.org/wiki/Category:FBSL	200
https://rosettacode.org/wiki/Category:Little	200
https://rosettacode.org/wiki/Category:M2001	404
https://rosettacode.org/wiki/Category:Nanoquery	200
https://rosettacode.org/wiki/Category:Palo_Alto_Tiny_BASIC	200
https://rosettacode.org/wiki/Category:Rhope	200
https://rosie-lang.org/	200
https://rune-rs.github.io/	200
https://runescape.wiki/w/RuneScript	200
https://ryelang.org/	200
https://sass-lang.com/	200
https://sc2mapster.fandom.com/wiki/Galaxy_Script	403
https://scg.unibe.ch/research/piccola	200
https://sciter.com/tiscript/	200
https://scrapscript.org/	200
https://scratch.mit.edu/about	200
https://scrypt.io/	526
https://sdml.io	200
https://seed7.sourceforge.net/	403
https://shader-slang.com/	200
https://shakti.com/	200
https://shenlanguage.org/	200
https://silcnitc.github.io/expl.html	200
https://silq.ethz.ch/	200
https://skookumscript.com/about/	200
https://slebok.github.io/baby/	200
https://slimmer.gforge.inria.fr/bedwyr/	ERR:URLError
https://slint.dev/	200
https://smartpy.io/	200
https://smithy.io/	200
https://smlfamily.github.io/	200
https://sneklang.org/	200
https://soliditylang.org/	200
https://soul.dev/	200
https://sourceforge.net/projects/cdpptoolkit/	403
https://sourceforge.net/projects/cjam/	403
https://sourceforge.net/projects/iforth/	403
https://sourceforge.net/projects/lanq/	403
https://sourceforge.net/projects/lbasic/	403
https://sourceforge.net/projects/loci/	403
https://sourceforge.net/projects/pfe/	403
https://sourceforge.net/projects/tinyscheme/	403
https://sourceforge.net/projects/xblite/	403
https://spade-lang.org/	200
https://sparforte.com/	200
https://spwn.rs/	ERR:URLError
https://squirrel-lang.org/	ERR:URLError
https://sr.ht/~duangle/scopes/	200
https://sr.ht/~icefox/garnet/	200
https://stedolan.github.io/jq/	200
https://strudel.cc	200
https://swift-lang.org/Swift-T/	ERR:URLError
https://swift.org/	200
https://swift.org/blog/swift-scripting/	404
https://syndicate-lang.org/	200
https://t3x.org/klong/index.html	200
https://t3x.org/t3x/	200
https://tact-lang.org	200
https://tada.github.io/pljava/	200
https://tamarin-prover.github.io/	200
https://thelfer.github.io/tfel/web/mfront.html	404
https://tinkerpop.apache.org/gremlin.html	200
https://tlc.thinkorswim.com/center/reference/thinkScript	ERR:URLError
https://toml.io/en/	200
https://ton.org/docs/develop/fift/overview	200
https://topps.diku.dk/pirc/?id=rfun	200
https://tromp.github.io/cl/lazy-k.html	200
https://typedb.com/docs/typeql/overview	404
https://typespec.io/	200
https://ugbasic.iwashere.eu/	200
https://universal-variability-language.github.io/	200
https://ursalang.github.io/	200
https://use.ink/	200
https://userbase.kde.org/KTurtle	403
https://users.monash.edu/~mbanda/hal/	200
https://vale.dev/	200
https://varnish-cache.org/docs/trunk/users-guide/vcl.html	200
https://vector.dev/docs/reference/vrl/	200
https://viperproject.github.io/prusti-dev/	404
https://vlang.io	200
https://vlang.io/	200
https://vult-dsp.github.io/vult/overview/	200
https://vvvv.org/	200
https://waikato.github.io/weka-wiki/formats_and_processing/arff_stable/	200
https://warmplace.ru/soft/pixilang/	200
https://warzone.atlassian.net/wiki/spaces/mod/pages/18776204/WZScript+language	200
https://wasp-lang.dev/	200
https://web.archive.org/web/20020130185427/http://www.guldheden.com/~sandin/when/When.txt	200
https://web.cecs.pdx.edu/~mpj/pubs/habit.html	404
https://web.cs.wpi.edu/~jshutt/kernel.html	200
https://webassembly.github.io/spec/core/text/index.html	200
https://webppl.org/	ERR:URLError
https://why3.gitlabpages.inria.fr/why3/syntaxref.html	200
https://wiki.eclipse.org/KM3	200
https://wiki.facepunch.com/gmod/Lua_Introduction	404
https://wiki.gnome.org/Projects/Genie	200
https://wiki.gnome.org/Projects/Vala	200
https://wiki.haskell.org/Concurrent_Haskell	404
https://wiki.haskell.org/GHC/Data_Parallel_Haskell	200
https://wiki.haskell.org/Literate_programming	200
https://wiki.rice.edu/confluence/display/HABANERO/Habanero+Java	ERR:URLError
https://wiki.rice.edu/confluence/display/PARPROG/HJlib	ERR:URLError
https://wiki.starbasegame.com/index.php/YOLOL	200
https://wiki.tcl-lang.org/page/Tksh	200
https://wiki.xxiivv.com/site/uxntal.html	200
https://wonkey-coders.github.io/	200
https://wren.io/	200
https://wurstlang.org/	200
https://wvlet.org/wvlet/	200
https://www-cast3m.cea.fr/html/Documentation_Cast3M/Gibiane.pdf	200
https://www-math.univ-poitiers.fr/~maavl/LiE/	ERR:URLError
https://www-users.york.ac.uk/~ab38/pf.html	200
https://www-verimag.imag.fr/~synchron/index.php?page=quartz	404
https://www.acton-lang.org/	200
https://www.adaic.org/	200
https://www.amibroker.com/guide/afl/afl_intro.html	404
https://www.andromeda-prover.org/	200
https://www.angelcode.com/angelscript/	200
https://www.arangodb.com/docs/stable/aql/	200
https://www.atlassian.com/software/jira/guides/jql/overview	200
https://www.aya-prover.org/	200
https://www.b4x.com/	200
https://www.beckhoff.com/en-us/products/automation/twincat/	200
https://www.beeflang.org/	200
https://www.biwascheme.org/	200
https://www.blech-lang.org/	200
https://www.boost.org/build/	200
https://www.byond.com/	403
https://www.cairo-lang.org/	200
https://www.cerberus-x.com/	200
https://www.chisel-lang.org/	200
https://www.choiceofgames.com/make-your-own-games/choicescript/	200
https://www.choral-lang.org/	200
https://www.cis.upenn.edu/~bcpierce/courses/629/papers/Lau-Glee.pdf	404
https://www.cis.upenn.edu/~bcpierce/papers/lenses-etapsslides.pdf	200
https://www.cl.cam.ac.uk/~acjf3/l3/	403
https://www.cl.cam.ac.uk/~djg11/kiwi/	200
https://www.cl.cam.ac.uk/~mr10/mcpl.html	404
https://www.cl.cam.ac.uk/~pes20/acute/	200
https://www.cl.cam.ac.uk/~pes20/lem/	200
https://www.cl.cam.ac.uk/~pes20/ott/	200
https://www.clipsrules.net/	200
https://www.comau.com/en/our-competencies/robotics/robot-software/	404
https://www.commonwl.org/	200
https://www.cons.org/cmucl/	200
https://www.crestron.com/Products/Control-Hardware-Software/Software/Development-Software/SW-SIMPL-PLUS	404
https://www.cs.cmu.edu/~cmartens/ceptre.pdf	200
https://www.cs.cmu.edu/~fp/papers/ppdp05.pdf	200
https://www.cs.cmu.edu/~scandal/nesl.html	200
https://www.cs.cornell.edu/courses/cs4120/2024sp/project/language.pdf	404
https://www.cs.huji.ac.il/project/Fairplay/	200
https://www.cs.mcgill.ca/~cs520/2019/	200
https://www.cs.princeton.edu/courses/archive/fall05/cos441/notes/minml-dynamic.pdf	200
https://www.cs.princeton.edu/~appel/papers/asdl97.pdf	200
https://www.cs.umd.edu/projects/PL/druby/index.html	200
https://www.cs.unt.edu/~tarau/	200
https://www.cse.chalmers.se/~hallgren/Alfa/	404
https://www.cse.chalmers.se/~patrikj/poly/polyp/	200
https://www.dangermouse.net/esoteric/piet.html	200
https://www.delphitools.info/dwscript/	200
https://www.di.ens.fr/~pouzet/lucid-synchrone/	200
https://www.doc.ic.ac.uk/~shm/progol.html	200
https://www.eclipse.org/golo/	404
https://www.eclipse.org/xtend/	200
https://www.ecs.csun.edu/~jmotil/TeachingWithJJ.pdf	200
https://www.edgedb.com/docs/edgeql/index	ERR:URLError
https://www.egison.org/	200
https://www.eiffel.org/	200
https://www.ek9lang.org/	200
https://www.emojicode.org/	200
https://www.erlang.org/	200
https://www.forth.com/resources/forth-programming-language/	200
https://www.fourmilab.ch/atlast/	200
https://www.fship.com/fsintr1.html	200
https://www.fstar-lang.org/	200
https://www.fvwm.org/documentation/fvwmscript/	404
https://www.gem5.org/documentation/general_docs/ruby/slicc	200
https://www.gnu.org/software/apl/	200
https://www.gnu.org/software/glpk/	200
https://www.gnu.org/software/poke/	200
https://www.graalvm.org/latest/reference-manual/java-on-truffle/	200
https://www.gwydiondylan.org/	200
https://www.hashicorp.com/config	429
https://www.haskell.org/	200
https://www.hecl.org/	200
https://www.hl7.org/implement/standards/product_brief.cfm?product_id=372	200
https://www.hwaci.com/sw/lemon/	200
https://www.hylo-lang.org/	200
https://www.hyperion-bt.org/helios-book/	ERR:URLError
https://www.ibm.com/docs/en/app-connect/13.0?topic=esql-overview	403
https://www.ibm.com/docs/en/ibm-mq/9.3?topic=reference-mqsc-commands	403
https://www.idris-lang.org/	200
https://www.intel.com/content/www/us/en/developer/tools/oneapi/dpc-compiler.html	403
https://www.intel.com/content/www/us/en/docs/programmable/683079/13-0/describing-ahdl-designs.html	403
https://www.isi.edu/isd/LOOM/PowerLoom/	200
https://www.it.uu.se/research/group/hipe/cerl/	200
https://www.jac-lang.org/	200
https://www.jedsoft.org/slang/	200
https://www.jhipster.tech/jdl/intro	200
https://www.jolie-lang.org/	200
https://www.juniper-lang.org/	200
https://www.jwdt.com/~paysan/strongforth.html	ERR:URLError
https://www.kamailio.org/	200
https://www.kermitproject.org/kermit.html	200
https://www.lairdconnect.com/smartbasic-for-ble	200
https://www.ldpl-lang.org/	200
https://www.leo-lang.org/	200
https://www.lexaloffle.com/pico-8.php	200
https://www.liquidity-lang.org/	200
https://www.livejournal.com/doc/s2/	ERR:URLError
https://www.lua.org/	200
https://www.malloydata.dev/	200
https://www.mathematik.uni-muenchen.de/~logik/minlog/	200
https://www.mathworks.com/products/matlab.html	403
https://www.mcselec.com/	200
https://www.meta-environment.org/doc/books/syntax/	ERR:URLError
https://www.microsoft.com/en-us/research/project/checked-c/	200
https://www.microsoft.com/en-us/research/project/comega/	200
https://www.microsoft.com/en-us/research/publication/modern-concurrency-abstractions-for-c/	200
https://www.minizinc.org/	200
https://www.minizinc.org/doc-latest/en/flatzinc.html	404
https://www.mirbsd.org/mksh.htm	ERR:URLError
https://www.modular.com/mojo	200
https://www.monte-language.org/	200
https://www.moolenaar.net/z/zimbu/spec/zimbu.html	ERR:URLError
https://www.moonbitlang.com/	200
https://www.mql5.com/en/docs/basis	200
https://www.nongnu.org/txr/	200
https://www.nushell.sh/	200
https://www.oilshell.org/	200
https://www.oilshell.org/cross-ref.html?tag=ysh#ysh	200
https://www.oorexx.org/	200
https://www.openpolicyagent.org/docs/latest/policy-language/	200
https://www.originlab.com/doc/LabTalk/guide	200
https://www.originlab.com/doc/OriginC/guide	200
https://www.perl.org/	200
https://www.php.net/	200
https://www.pllab.riec.tohoku.ac.jp/smlsharp/	ERR:URLError
https://www.pm.inf.ethz.ch/research/chalice.html	200
https://www.ponylang.io/	200
https://www.postgresql.org/docs/current/pltcl.html	200
https://www.prolog-heritage.org/en/ph20.html	200
https://www.purebasic.com/	200
https://www.purescript.org/	200
https://www.puzzlescript.net/	200
https://www.python.org/	200
https://www.reaper.fm/sdk/js/js.php	200
https://www.red-lang.org/	200
https://www.rexygen.com/	200
https://www.rfc-editor.org/rfc/rfc8610	200
https://www.roc-lang.org/	200
https://www.rust-lang.org/	200
https://www.sanity.io/docs/groq	200
https://www.sidefx.com/docs/houdini/ref/hscript.html	404
https://www.smlnj.org/	200
https://www.spiderbasic.com/	200
https://www.squiggle-language.com/	200
https://www.stat.ubc.ca/~bouchard/blang/	200
https://www.stata.com/manuals/m.pdf	200
https://www.sweetjs.org/	200
https://www.tads.org/	200
https://www.tcl.tk/	ERR:URLError
https://www.transcrypt.org/	200
https://www.txl.ca/	200
https://www.typescriptlang.org/	200
https://www.uiua.com/	403
https://www.ultipa.com/docs/v5.3/uql/introduction	200
https://www.unison-lang.org/	200
https://www.universal-robots.com/articles/ur/urscript/	404
https://www.usenix.org/conference/osdi14/technical-sessions/presentation/moore	200
https://www.usenix.org/conference/osdi16/technical-sessions/presentation/sigurbjarnarson	200
https://www.val-lang.dev/	ERR:URLError
https://www.w3.org/TR/WGSL/	200
https://www.w3.org/TR/voicexml21/	200
https://www.webber-labs.com/mpl.html	200
https://www.winglang.io/	200
https://www.wolfram.com/language/	200
https://www.xml.com/pub/a/2000/07/quilt/	404
https://www.xsharp.eu/	200
https://www.zenkinetic.com/zkl.html	ERR:URLError
https://www2.eecs.berkeley.edu/Pubs/TechRpts/2009/EECS-2009-173.html	200
https://wy-lang.org/	200
https://wyvernlang.github.io/	200
https://xcsp.org/	200
https://xtclang.org/	200
https://xtuml.org/learn/object-action-language/	200
https://yamlscript.org/	200
https://yaql.readthedocs.io/en/latest/	200
https://yarnspinner.dev/	200
https://zdoom.org/wiki/ACS	ERR:RemoteDisconnected
https://zdoom.org/wiki/DECORATE	ERR:RemoteDisconnected
https://zdoom.org/wiki/ZScript	ERR:RemoteDisconnected
https://zelus.di.ens.fr/	ERR:URLError
https://ziglang.org/	200
https://zimpl.zib.de/	429
https://zoea.co.uk/	200